Workbook

Sheet Tender Data
A1: REPORT_DATE | B1: RECORD_ID | C1: TENDER_ID | D1: PUBLICATION_DATE | E1: CLOSING_DATE | F1: CLOSING_TIME | G1: TENDER_TYPE | H1: TENDER_DESCRIPTION | I1: TENDER_SOURCE | J1: DEPARTMENT | K1: PROVINCE | L1: ESUBMISSION | M1: CATEGORY | N1: IS_THERE_A_BRIEFING_SESSION | O1: COMPULSORY_BRIEFING | P1: BRIEFING_SESSION_VENUE | Q1: LINK | R1: SOE | S1: COST_OF_SALES_ESTIMATE | T1: CAPABILITY_AVAILABLE | U1: CAPABILITY_GROUP | V1: REQUIREMENTS | W1: DUPLICATED
A2: 46247 | B2: 6 | C2: SCMU5-26/27-003 JGR | D2: 46246 | G2: Request for Bid | H2: ERRATUM - TWO-YEAR CONTRACT FOR SUPPLY, SERVICING, REPAIRS AND MAINTENANCE OF PLUMBING AND DRAINANGE EQUIPMENT FOR JOE GQABI DISTRICT. | I2: ECDPW.GOV.ZA | J2: Eastern Cape Department of Public Works and Infrastructure | K2: Eastern Cape | Q2: https://www.ecdpw.gov.za/wp-content/tender-uploads/erratum-1_plumbing.pdf
A3: 46247 | B3: 5 | C3: SCMU5-26/27-0010 AMR | D3: 46245 | G3: Request for Bid | H3: TWO-YEAR TERM CONTRACT FOR SUPPLY, SERVICING, REPAIRS AND MAINTENANCE OF PLUMBING- CLUSTER 5 (IDUTYWA SERVICE OFFICE, NGQAMAKHWE MULTIPURPOSE CENTRE AND DUTYWA CLUSTER OFFICES) | I3: ECDPW.GOV.ZA | J3: Eastern Cape Department of Public Works and Infrastructure | K3: Eastern Cape | Q3: https://www.ecdpw.gov.za/wp-content/tender-uploads/scmu5-26-27-0010-amr-inf-two-year-term-contract-for-supply-servicing-repairs-and-maintenance-of-plumbing-cluster-5-(idutywa-service-office-ngqamakhwe-multipurpose-centre-and-dutywa-cluster-offices).pdf
A4: 46247 | B4: 4 | C4: SCMU5-26/27-0009 AMR | D4: 46245 | G4: Request for Bid | H4: TWO-YEAR TERM CONTRACT FOR SUPPLY, SERVICING, REPAIRS AND MAINTENANCE OF PLUMBING- CLUSTER 4 ( NU 1 MDANTSANE, SILVER CROWN EAST LONDON, HOUSE ON THE ROCK & JOHN X MERRIMAN YOUTH CARE CENTRE) | I4: ECDPW.GOV.ZA | J4: Eastern Cape Department of Public Works and Infrastructure | K4: Eastern Cape | Q4: https://www.ecdpw.gov.za/wp-content/tender-uploads/scmu5-26-27-0009-amr-inf-two-year-term-contract-for-supply-servicing-repairs-and-maintenance-of-plumbing-cluster-4-(-nu-1-mdantsane-silver-crown-east-london-house-on-the-rock-&-john-x-merriman-youth-care-centre).pdf
A5: 46247 | B5: 3 | C5: SCMU5-26/27-0008 AMR | D5: 46245 | G5: Request for Bid | H5: TWO-YEAR TERM CONTRACT FOR SUPPLY, SERVICING, REPAIRS AND MAINTENANCE OF PLUMBING- CLUSTER 3 (CATHCART, STUTTERHEIM, KEISKAMMAHOEK & BHISHO) | I5: ECDPW.GOV.ZA | J5: Eastern Cape Department of Public Works and Infrastructure | K5: Eastern Cape | Q5: https://www.ecdpw.gov.za/wp-content/tender-uploads/scmu5-26-27-0008-amr-inf-two-year-term-contract-for-supply-servicing-repairs-and-maintenance-of-plumbing-cluster-3-(cathcart-stutterheim-keiskammahoek-&-bhisho.pdf
A6: 46247 | B6: 2 | C6: SCMU5-26/27-0007 AMR | D6: 46245 | G6: Request for Bid | H6: TWO-YEAR TERM CONTRACT FOR SUPPLY, SERVICING, REPAIRS AND MAINTENANCE OF PLUMBING-CLUSTER 2 (MIDDLEDRIFT, PEDDIE, ZWELITSHA & ENOCH SONTONGA REHAB CENTRE) | I6: ECDPW.GOV.ZA | J6: Eastern Cape Department of Public Works and Infrastructure | K6: Eastern Cape | Q6: https://www.ecdpw.gov.za/wp-content/tender-uploads/scmu5-26-27-0007-amr-inf--two-year-term-contract-for-supply-servicing-repairs-and-maintenance-of-plumbing-cluster-2-(middledrift-peddie-zwelitsha-&-enoch-sontonga-rehab-centre.pdf
A7: 46247 | B7: 1 | C7: SCMU5-26/27-0006 AMR | D7: 46245 | G7: Request for Bid | H7: TWO-YEAR TERM CONTRACT FOR SUPPLY, SERVICING, REPAIRS AND MAINTENANCE OF PLUMBING-CLUSTER 1 (SEYMOUR, BEDFORD, FORT BEAUFORT AND ALICE) | I7: ECDPW.GOV.ZA | J7: Eastern Cape Department of Public Works and Infrastructure | K7: Eastern Cape | Q7: https://www.ecdpw.gov.za/wp-content/tender-uploads/scmu5-26-27-0006-amr-inf-two-year-term-contract-for-supply-servicing-repairs-and-maintenance-of-plumbing-cluster-1-(seymour-bedford-fort-beaufort-and-alice).pdf

Sheet Final
A1: Source | B1: Number of New Tenders | C1: ICT Tenders | D1: RFQs
A2: Report Date | B2: (T) 12/08/2026
A3: eTenders (All) | B3: 0 | C3: 0 | D3: 0
A4: Eskom | B4: =COUNTIF('Tender Data'!J:J,"ESKOM") | C4: =COUNTIFS('Tender Data'!M:M,"Information service activities",'Tender Data'!J:J,"ESKOM")+COUNTIFS('Tender Data'!M:M,"Information and communication",'Tender Data'!J:J,"ESKOM") | D4: =COUNTIFS('Tender Data'!J:J,"ESKOM",'Tender Data'!G:G,"Request for Quotation")
A5: SITA | B5: =COUNTIF('Tender Data'!J:J,"State Information Technology Agency") | C5: =COUNTIFS('Tender Data'!M:M,"Information service activities",'Tender Data'!J:J,"State Information Technology Agency")+COUNTIFS('Tender Data'!M:M,"Information and communication",'Tender Data'!J:J,"State Information Technology Agency") | D5: =COUNTIFS('Tender Data'!J:J,"State Information Technology Agency",'Tender Data'!G:G,"Request for Quotation")
A6: Transnet | B6: =COUNTIF('Tender Data'!J:J,"Transnet*") | C6: =COUNTIFS('Tender Data'!M:M,"Information service activities",'Tender Data'!J:J,"Transnet*")+COUNTIFS('Tender Data'!M:M,"Information and communication",'Tender Data'!J:J,"Transnet*") | D6: =COUNTIFS('Tender Data'!J:J,"Transnet*",'Tender Data'!G:G,"Request for Quotation")
A7: JPC | B7: =COUNTIF('Tender Data'!J:J,"*Joburg Property*") | C7: =COUNTIFS('Tender Data'!M:M,"Information service activities",'Tender Data'!J:J,"*Joburg Property*")+COUNTIFS('Tender Data'!M:M,"Information and communication",'Tender Data'!J:J,"*Joburg Property*") | D7: =COUNTIFS('Tender Data'!J:J,"*Joburg Property*",'Tender Data'!G:G,"Request for Quotation")
A8: Matatiele LM | B8: =COUNTIF('Tender Data'!J:J,"Matatiele Local Municipality") | C8: =COUNTIFS('Tender Data'!M:M,"Information service activities",'Tender Data'!J:J,"Matatiele Local Municipality")+COUNTIFS('Tender Data'!M:M,"Information and communication",'Tender Data'!J:J,"Matatiele Local Municipality") | D8: =COUNTIFS('Tender Data'!J:J,"Matatiele Local Municipality",'Tender Data'!G:G,"Request for Quotation")
A9: Ntabankulu LM | B9: =COUNTIF('Tender Data'!J:J,"Ntabankulu Local Municipality") | C9: =COUNTIFS('Tender Data'!M:M,"Information service activities",'Tender Data'!J:J,"Ntabankulu Local Municipality")+COUNTIFS('Tender Data'!M:M,"Information and communication",'Tender Data'!J:J,"Ntabankulu Local Municipality") | D9: =COUNTIFS('Tender Data'!J:J,"Ntabankulu Local Municipality",'Tender Data'!G:G,"Request for Quotation")
A10: Umzimvubu LM | B10: =COUNTIF('Tender Data'!J:J,"Umzimvubu Local Municipality") | C10: =COUNTIFS('Tender Data'!M:M,"Information service activities",'Tender Data'!J:J,"Umzimvubu Local Municipality")+COUNTIFS('Tender Data'!M:M,"Information and communication",'Tender Data'!J:J,"Umzimvubu Local Municipality") | D10: =COUNTIFS('Tender Data'!J:J,"Umzimvubu Local Municipality",'Tender Data'!G:G,"Request for Quotation")
A11: Winnie Mandela LM | B11: =COUNTIF('Tender Data'!J:J,"Winnie Madikizela*") | C11: =COUNTIFS('Tender Data'!M:M,"Information service activities",'Tender Data'!J:J,"Winnie Madikizela*")+COUNTIFS('Tender Data'!M:M,"Information and communication",'Tender Data'!J:J,"Winnie Madikizela*") | D11: =COUNTIFS('Tender Data'!J:J,"Winnie Madikizela*",'Tender Data'!G:G,"Request for Quotation")
A12: Mnquma LM | B12: =COUNTIF('Tender Data'!J:J,"Mnquma Local Municipality") | C12: =COUNTIFS('Tender Data'!M:M,"Information service activities",'Tender Data'!J:J,"Mnquma Local Municipality")+COUNTIFS('Tender Data'!M:M,"Information and communication",'Tender Data'!J:J,"Mnquma Local Municipality") | D12: =COUNTIFS('Tender Data'!J:J,"Mnquma Local Municipality",'Tender Data'!G:G,"Request for Quotation")
A13: Great Kei LM | B13: =COUNTIF('Tender Data'!J:J,"Great Kei Local Municipality") | C13: =COUNTIFS('Tender Data'!M:M,"Information service activities",'Tender Data'!J:J,"Great Kei Local Municipality")+COUNTIFS('Tender Data'!M:M,"Information and communication",'Tender Data'!J:J,"Great Kei Local Municipality") | D13: =COUNTIFS('Tender Data'!J:J,"Great Kei Local Municipality",'Tender Data'!G:G,"Request for Quotation")
A14: Amahlathi LM | B14: =COUNTIF('Tender Data'!J:J,"Amahlathi Local Municipality") | C14: =COUNTIFS('Tender Data'!M:M,"Information service activities",'Tender Data'!J:J,"Amahlathi Local Municipality")+COUNTIFS('Tender Data'!M:M,"Information and communication",'Tender Data'!J:J,"Amahlathi Local Municipality") | D14: =COUNTIFS('Tender Data'!J:J,"Amahlathi Local Municipality",'Tender Data'!G:G,"Request for Quotation")
A15: Raymond Mhlaba LM | B15: =COUNTIF('Tender Data'!J:J,"Raymond Mhlaba Local Municipality") | C15: =COUNTIFS('Tender Data'!M:M,"Information service activities",'Tender Data'!J:J,"Raymond Mhlaba Local Municipality")+COUNTIFS('Tender Data'!M:M,"Information and communication",'Tender Data'!J:J,"Raymond Mhlaba Local Municipality") | D15: =COUNTIFS('Tender Data'!J:J,"Raymond Mhlaba Local Municipality",'Tender Data'!G:G,"Request for Quotation")
A16: JOSHCO | B16: =COUNTIF('Tender Data'!J:J,"*Johannesburg Social Housing*") | C16: =COUNTIFS('Tender Data'!M:M,"Information service activities",'Tender Data'!J:J,"*Johannesburg Social Housing*")+COUNTIFS('Tender Data'!M:M,"Information and communication",'Tender Data'!J:J,"*Johannesburg Social Housing*") | D16: =COUNTIFS('Tender Data'!J:J,"*Johannesburg Social Housing*",'Tender Data'!G:G,"Request for Quotation")
A17: GPL | B17: =COUNTIF('Tender Data'!J:J,"Gauteng Provincial Legislature") | C17: =COUNTIFS('Tender Data'!M:M,"Information service activities",'Tender Data'!J:J,"Gauteng Provincial Legislature")+COUNTIFS('Tender Data'!M:M,"Information and communication",'Tender Data'!J:J,"Gauteng Provincial Legislature") | D17: =COUNTIFS('Tender Data'!J:J,"Gauteng Provincial Legislature",'Tender Data'!G:G,"Request for Quotation")
A18: RAF | B18: =COUNTIF('Tender Data'!J:J,"Road Accident Fund") | C18: =COUNTIFS('Tender Data'!M:M,"Information service activities",'Tender Data'!J:J,"Road Accident Fund")+COUNTIFS('Tender Data'!M:M,"Information and communication",'Tender Data'!J:J,"Road Accident Fund") | D18: =COUNTIFS('Tender Data'!J:J,"Road Accident Fund",'Tender Data'!G:G,"Request for Quotation")
A19: MM Trading Company | B19: =COUNTIF('Tender Data'!J:J,"*Metropolitan Trading*") | C19: =COUNTIFS('Tender Data'!M:M,"Information service activities",'Tender Data'!J:J,"*Metropolitan Trading*")+COUNTIFS('Tender Data'!M:M,"Information and communication",'Tender Data'!J:J,"*Metropolitan Trading*") | D19: =COUNTIFS('Tender Data'!J:J,"*Metropolitan Trading*",'Tender Data'!G:G,"Request for Quotation")
A20: Nelson Mandela Bay MM | B20: =COUNTIF('Tender Data'!J:J,"*Nelson Mandela Bay*") | C20: =COUNTIFS('Tender Data'!M:M,"Information service activities",'Tender Data'!J:J,"*Nelson Mandela Bay*")+COUNTIFS('Tender Data'!M:M,"Information and communication",'Tender Data'!J:J,"*Nelson Mandela Bay*") | D20: =COUNTIFS('Tender Data'!J:J,"*Nelson Mandela Bay*",'Tender Data'!G:G,"Request for Quotation")
A21: Buffalo City MM | B21: =COUNTIF('Tender Data'!J:J,"*Buffalo City*") | C21: =COUNTIFS('Tender Data'!M:M,"Information service activities",'Tender Data'!J:J,"*Buffalo City*")+COUNTIFS('Tender Data'!M:M,"Information and communication",'Tender Data'!J:J,"*Buffalo City*") | D21: =COUNTIFS('Tender Data'!J:J,"*Buffalo City*",'Tender Data'!G:G,"Request for Quotation")
A22: EC DPW | B22: =COUNTIF('Tender Data'!J:J,"*Eastern Cape*Public Works*") | C22: =COUNTIFS('Tender Data'!M:M,"Information service activities",'Tender Data'!J:J,"*Eastern Cape*Public Works*")+COUNTIFS('Tender Data'!M:M,"Information and communication",'Tender Data'!J:J,"*Eastern Cape*Public Works*") | D22: =COUNTIFS('Tender Data'!J:J,"*Eastern Cape*Public Works*",'Tender Data'!G:G,"Request for Quotation")
A23: DEL | B23: =COUNTIF('Tender Data'!J:J,"*Labour*") | C23: =COUNTIFS('Tender Data'!M:M,"Information service activities",'Tender Data'!J:J,"*Labour*")+COUNTIFS('Tender Data'!M:M,"Information and communication",'Tender Data'!J:J,"*Labour*") | D23: =COUNTIFS('Tender Data'!J:J,"*Labour*",'Tender Data'!G:G,"Request for Quotation")
A24: SIU | B24: =COUNTIF('Tender Data'!J:J,"Special Investigating Unit*") | C24: =COUNTIFS('Tender Data'!M:M,"Information service activities",'Tender Data'!J:J,"Special Investigating Unit*")+COUNTIFS('Tender Data'!M:M,"Information and communication",'Tender Data'!J:J,"Special Investigating Unit*") | D24: =COUNTIFS('Tender Data'!J:J,"Special Investigating Unit*",'Tender Data'!G:G,"Request for Quotation")
A25: GDoH | B25: =COUNTIF('Tender Data'!J:J,"*Gauteng*Health*") | C25: =COUNTIFS('Tender Data'!M:M,"Information service activities",'Tender Data'!J:J,"*Gauteng*Health*")+COUNTIFS('Tender Data'!M:M,"Information and communication",'Tender Data'!J:J,"*Gauteng*Health*") | D25: =COUNTIFS('Tender Data'!J:J,"*Gauteng*Health*",'Tender Data'!G:G,"Request for Quotation")
A26: DIRCO | B26: =COUNTIF('Tender Data'!J:J,"*International Relation*") | C26: =COUNTIFS('Tender Data'!M:M,"Information service activities",'Tender Data'!J:J,"*International Relation*")+COUNTIFS('Tender Data'!M:M,"Information and communication",'Tender Data'!J:J,"*International Relation*") | D26: =COUNTIFS('Tender Data'!J:J,"*International Relation*",'Tender Data'!G:G,"Request for Quotation")
A27: DOJ | B27: =COUNTIF('Tender Data'!J:J,"*Justice*Constitutional*") | C27: =COUNTIFS('Tender Data'!M:M,"Information service activities",'Tender Data'!J:J,"*Justice*Constitutional*")+COUNTIFS('Tender Data'!M:M,"Information and communication",'Tender Data'!J:J,"*Justice*Constitutional*") | D27: =COUNTIFS('Tender Data'!J:J,"*Justice*Constitutional*",'Tender Data'!G:G,"Request for Quotation")
A28: CP JHB | B28: =COUNTIF('Tender Data'!J:J,"City Power*Johannesburg*") | C28: =COUNTIFS('Tender Data'!M:M,"Information service activities",'Tender Data'!J:J,"City Power*Johannesburg*")+COUNTIFS('Tender Data'!M:M,"Information and communication",'Tender Data'!J:J,"City Power*Johannesburg*") | D28: =COUNTIFS('Tender Data'!J:J,"City Power*Johannesburg*",'Tender Data'!G:G,"Request for Quotation")
A29: W JHB | B29: =COUNTIF('Tender Data'!J:J,"*Johannesburg Water*") | C29: =COUNTIFS('Tender Data'!M:M,"Information service activities",'Tender Data'!J:J,"*Johannesburg Water*")+COUNTIFS('Tender Data'!M:M,"Information and communication",'Tender Data'!J:J,"*Johannesburg Water*") | D29: =COUNTIFS('Tender Data'!J:J,"*Johannesburg Water*",'Tender Data'!G:G,"Request for Quotation")
A30: FSCA | B30: =COUNTIF('Tender Data'!J:J,"*Financial Sector Conduct Authority*") | C30: =COUNTIFS('Tender Data'!M:M,"Information service activities",'Tender Data'!J:J,"*Financial Sector Conduct Authority*")+COUNTIFS('Tender Data'!M:M,"Information and communication",'Tender Data'!J:J,"*Financial Sector Conduct Authority*") | D30: =COUNTIFS('Tender Data'!J:J,"*Financial Sector Conduct Authority*",'Tender Data'!G:G,"Request for Quotation")
A31: TOTAL WATCHLIST | B31: =SUM(B4:B30) | C31: =SUM(C4:C30) | D31: =SUM(D4:D30)

Sheet Raw Data
A1: REPORT_DATE | B1: RECORD_ID | C1: TENDER_ID | D1: PUBLICATION_DATE | E1: CLOSING_DATE | F1: CLOSING_TIME | G1: TENDER_TYPE | H1: TENDER_DESCRIPTION | I1: TENDER_SOURCE | J1: DEPARTMENT | K1: PROVINCE | L1: ESUBMISSION | M1: CATEGORY | N1: IS_THERE_A_BRIEFING_SESSION | O1: COMPULSORY_BRIEFING | P1: BRIEFING_SESSION_VENUE | Q1: LINK | R1: SOE | S1: COST_OF_SALES_ESTIMATE | T1: CAPABILITY_AVAILABLE | U1: CAPABILITY_GROUP | V1: REQUIREMENTS | W1: DUPLICATED
A2: 46247 | B2: 7 | C2: ALF5-25/26-0013 | D2: 46247 | G2: Request for Quotation | H2: ERRATUM: QUOTATION REQUEST FOR SUPPLY AND DELIVERY OF TRAINING MATERIALS AND TOOLS FOR DEPARTMENT OF PUBLIC WORKS AND INFRASTRUCTURE ALFRED NZO REGION. | I2: ECDPW.GOV.ZA | J2: Eastern Cape Department of Public Works and Infrastructure | K2: Eastern Cape | Q2: https://www.ecdpw.gov.za/wp-content/tender-uploads/erratum-training-material--alf5-26-27-0013.pdf
A3: 46247 | B3: 6 | C3: SCMU5-26/27-003 JGR | D3: 46246 | G3: Request for Bid | H3: ERRATUM - TWO-YEAR CONTRACT FOR SUPPLY, SERVICING, REPAIRS AND MAINTENANCE OF PLUMBING AND DRAINANGE EQUIPMENT FOR JOE GQABI DISTRICT. | I3: ECDPW.GOV.ZA | J3: Eastern Cape Department of Public Works and Infrastructure | K3: Eastern Cape | Q3: https://www.ecdpw.gov.za/wp-content/tender-uploads/erratum-1_plumbing.pdf
A4: 46247 | B4: 5 | C4: SCMU5-26/27-0010 AMR | D4: 46245 | G4: Request for Bid | H4: TWO-YEAR TERM CONTRACT FOR SUPPLY, SERVICING, REPAIRS AND MAINTENANCE OF PLUMBING- CLUSTER 5 (IDUTYWA SERVICE OFFICE, NGQAMAKHWE MULTIPURPOSE CENTRE AND DUTYWA CLUSTER OFFICES) | I4: ECDPW.GOV.ZA | J4: Eastern Cape Department of Public Works and Infrastructure | K4: Eastern Cape | Q4: https://www.ecdpw.gov.za/wp-content/tender-uploads/scmu5-26-27-0010-amr-inf-two-year-term-contract-for-supply-servicing-repairs-and-maintenance-of-plumbing-cluster-5-(idutywa-service-office-ngqamakhwe-multipurpose-centre-and-dutywa-cluster-offices).pdf
A5: 46247 | B5: 4 | C5: SCMU5-26/27-0009 AMR | D5: 46245 | G5: Request for Bid | H5: TWO-YEAR TERM CONTRACT FOR SUPPLY, SERVICING, REPAIRS AND MAINTENANCE OF PLUMBING- CLUSTER 4 ( NU 1 MDANTSANE, SILVER CROWN EAST LONDON, HOUSE ON THE ROCK & JOHN X MERRIMAN YOUTH CARE CENTRE) | I5: ECDPW.GOV.ZA | J5: Eastern Cape Department of Public Works and Infrastructure | K5: Eastern Cape | Q5: https://www.ecdpw.gov.za/wp-content/tender-uploads/scmu5-26-27-0009-amr-inf-two-year-term-contract-for-supply-servicing-repairs-and-maintenance-of-plumbing-cluster-4-(-nu-1-mdantsane-silver-crown-east-london-house-on-the-rock-&-john-x-merriman-youth-care-centre).pdf
A6: 46247 | B6: 3 | C6: SCMU5-26/27-0008 AMR | D6: 46245 | G6: Request for Bid | H6: TWO-YEAR TERM CONTRACT FOR SUPPLY, SERVICING, REPAIRS AND MAINTENANCE OF PLUMBING- CLUSTER 3 (CATHCART, STUTTERHEIM, KEISKAMMAHOEK & BHISHO) | I6: ECDPW.GOV.ZA | J6: Eastern Cape Department of Public Works and Infrastructure | K6: Eastern Cape | Q6: https://www.ecdpw.gov.za/wp-content/tender-uploads/scmu5-26-27-0008-amr-inf-two-year-term-contract-for-supply-servicing-repairs-and-maintenance-of-plumbing-cluster-3-(cathcart-stutterheim-keiskammahoek-&-bhisho.pdf
A7: 46247 | B7: 2 | C7: SCMU5-26/27-0007 AMR | D7: 46245 | G7: Request for Bid | H7: TWO-YEAR TERM CONTRACT FOR SUPPLY, SERVICING, REPAIRS AND MAINTENANCE OF PLUMBING-CLUSTER 2 (MIDDLEDRIFT, PEDDIE, ZWELITSHA & ENOCH SONTONGA REHAB CENTRE) | I7: ECDPW.GOV.ZA | J7: Eastern Cape Department of Public Works and Infrastructure | K7: Eastern Cape | Q7: https://www.ecdpw.gov.za/wp-content/tender-uploads/scmu5-26-27-0007-amr-inf--two-year-term-contract-for-supply-servicing-repairs-and-maintenance-of-plumbing-cluster-2-(middledrift-peddie-zwelitsha-&-enoch-sontonga-rehab-centre.pdf
A8: 46247 | B8: 1 | C8: SCMU5-26/27-0006 AMR | D8: 46245 | G8: Request for Bid | H8: TWO-YEAR TERM CONTRACT FOR SUPPLY, SERVICING, REPAIRS AND MAINTENANCE OF PLUMBING-CLUSTER 1 (SEYMOUR, BEDFORD, FORT BEAUFORT AND ALICE) | I8: ECDPW.GOV.ZA | J8: Eastern Cape Department of Public Works and Infrastructure | K8: Eastern Cape | Q8: https://www.ecdpw.gov.za/wp-content/tender-uploads/scmu5-26-27-0006-amr-inf-two-year-term-contract-for-supply-servicing-repairs-and-maintenance-of-plumbing-cluster-1-(seymour-bedford-fort-beaufort-and-alice).pdf
